image,benign_malignant,simmetryX,simmetryY,radius,meanR,varianceR,meanG,varianceG,meanB,varianceB
ISIC_0000000.jpg,,49488360,-34130730,401.953125,18746.927392994538,88917706702.10294,16104.938291948025,65621517742.01676,16987.55019033655,73011200557.0496
ISIC_0000001.jpg,,14041830,-14038260,152.1360626220703,20412.072512984418,105415042863.35338,13916.333490720226,48998019780.554016,11015.971288998655,30702558174.442085
ISIC_0000003.jpg,,41520630,-44554620,307.6334533691406,32154.119870998173,261577817171.67252,21687.675857970986,119001905747.81822,15176.367877457338,58272501309.362114
ISIC_0000008.jpg,,25588485,-34318155,325.4740905761719,36661.341981618854,340051150912.0835,23903.06354486627,144555683366.60767,17291.739045977152,75649456181.53291
ISIC_0000013.jpg,,23314650,-19296870,276.31866455078125,15282.16686264841,59087924597.33823,10544.38332132155,28130045681.208202,8796.310264385693,19576221590.89982
ISIC_0000016.jpg,,34701420,-34701420,239.50881958007812,21402.681946444845,115894872481.68239,16317.668939772495,67366531431.20225,16209.347719055879,66475072479.945435
